[
  {
    "id": 1,
    "productId": 1,
    "author": "Alice",
    "rating": 3,
    "comment": "I dont like this phone. Please do it better",
    "date": "2025-04-10"
  },
  {
    "id": 2,
    "productId": 1,
    "author": "Bob",
    "rating": 4,
    "comment": "Great but expensive.",
    "date": "2025-04-11"
  },
  {
    "id": 3,
    "productId": 2,
    "author": "Charlie",
    "rating": 5,
    "comment": "Excellent Android device.",
    "date": "2025-03-18"
  },
  {
    "id": 4,
    "productId": 2,
    "author": "Diana",
    "rating": 4,
    "comment": "Camera is amazing!",
    "date": "2025-03-20"
  },
  {
    "id": 5,
    "productId": 3,
    "author": "Evan",
    "rating": 5,
    "comment": "Best noise cancelling.",
    "date": "2025-03-21"
  },
  {
    "id": 6,
    "productId": 3,
    "author": "Faith",
    "rating": 5,
    "comment": "Comfortable and clear sound.",
    "date": "2025-03-22"
  },
  {
    "id": 7,
    "productId": 4,
    "author": "George",
    "rating": 5,
    "comment": "Super fast!",
    "date": "2025-02-12"
  },
  {
    "id": 8,
    "productId": 4,
    "author": "Hannah",
    "rating": 5,
    "comment": "Battery life is great.",
    "date": "2025-02-14"
  },
  {
    "id": 9,
    "productId": 5,
    "author": "Ian",
    "rating": 5,
    "comment": "Build quality is solid.",
    "date": "2025-01-25"
  },
  {
    "id": 10,
    "productId": 5,
    "author": "Jane",
    "rating": 4,
    "comment": "Nice keyboard feel.",
    "date": "2025-01-28"
  },
  {
    "id": 11,
    "productId": 6,
    "author": "Kyle",
    "rating": 5,
    "comment": "Easy to read in sunlight.",
    "date": "2025-02-05"
  },
  {
    "id": 12,
    "productId": 6,
    "author": "Lena",
    "rating": 3,
    "comment": "No warm light mode.",
    "date": "2025-02-06"
  },
  {
    "id": 13,
    "productId": 7,
    "author": "Mona",
    "rating": 4,
    "comment": "Good for fitness. 2nd update",
    "date": "2025-01-15"
  },
  {
    "id": 14,
    "productId": 7,
    "author": "Ned",
    "rating": 4,
    "comment": "Accurate tracking.",
    "date": "2025-01-16"
  },
  {
    "id": 15,
    "productId": 8,
    "author": "Olive",
    "rating": 5,
    "comment": "Love the scroll wheel.",
    "date": "2025-02-01"
  },
  {
    "id": 16,
    "productId": 8,
    "author": "Peter",
    "rating": 4,
    "comment": "Very responsive. 2nd update",
    "date": "2025-02-02"
  },
  {
    "id": 17,
    "productId": 9,
    "author": "Quincy",
    "rating": 5,
    "comment": "Clean UI, great photos.",
    "date": "2025-02-20"
  },
  {
    "id": 18,
    "productId": 9,
    "author": "Rachel",
    "rating": 4,
    "comment": "Battery could be better.",
    "date": "2025-02-22"
  },
  {
    "id": 19,
    "productId": 10,
    "author": "Sam",
    "rating": 5,
    "comment": "Compact and reliable.",
    "date": "2025-03-12"
  },
  {
    "id": 20,
    "productId": 10,
    "author": "Tina",
    "rating": 4,
    "comment": "Charges fast.",
    "date": "2025-03-13"
  },
  {
    "id": 21,
    "productId": 11,
    "author": "Uma",
    "rating": 4,
    "comment": "Nice for daily work.",
    "date": "2025-03-07"
  },
  {
    "id": 22,
    "productId": 11,
    "author": "Victor",
    "rating": 4,
    "comment": "Battery could last longer.",
    "date": "2025-03-08"
  },
  {
    "id": 23,
    "productId": 12,
    "author": "Wendy",
    "rating": 5,
    "comment": "Fun and versatile.",
    "date": "2025-02-28"
  },
  {
    "id": 24,
    "productId": 12,
    "author": "Xander",
    "rating": 5,
    "comment": "Great for travel.",
    "date": "2025-03-01"
  },
  {
    "id": 25,
    "productId": 13,
    "author": "Yara",
    "rating": 4,
    "comment": "Great sound in a small box.",
    "date": "2025-01-07"
  },
  {
    "id": 26,
    "productId": 13,
    "author": "Zane",
    "rating": 5,
    "comment": "Easy to carry around.",
    "date": "2025-01-08"
  },
  {
    "id": 27,
    "productId": 14,
    "author": "Amy",
    "rating": 5,
    "comment": "Perfect for vlogging.",
    "date": "2025-03-20"
  },
  {
    "id": 28,
    "productId": 14,
    "author": "Brian",
    "rating": 4,
    "comment": "Nice image stabilization.",
    "date": "2025-03-21"
  },
  {
    "id": 29,
    "productId": 15,
    "author": "Cara",
    "rating": 5,
    "comment": "Great for smart home tasks.",
    "date": "2025-01-27"
  },
  {
    "id": 30,
    "productId": 15,
    "author": "Dan",
    "rating": 4,
    "comment": "Works as expected.",
    "date": "2025-01-28"
  },
  {
    "author": "John",
    "rating": 5,
    "comment": "I love it!",
    "date": "2025-05-21T20:54:31.686Z",
    "id": 1747860871686,
    "productId": 1
  },
  {
    "author": "Johnson",
    "rating": 5,
    "comment": "Look good to me, 1st added",
    "date": "2025-05-21T22:14:27.018Z",
    "id": 1747865667018,
    "productId": 7
  }
]